Workbook
Name CTloc: #REF!
Name LTable: #REF!
Name Unit: #REF!

Sheet Sheet1

Sheet Plant Info
A1: Company
A2: Plant
A4: Load

Sheet EMSAStatistics
A1: Unit - Date | B1: Maximum | C1: Average | D1: Median | E1: Standard Deviation | F1: Variance | G1: Minimum
A2: =EMSASweep!C1 -> 20251022_0829 | B2: =MAX(EMSASweep!C2:C8001) -> 26.400602 | C2: =AVERAGE(EMSASweep!C2:C8001) -> 2.4540063 | D2: =MEDIAN(EMSASweep!C2:C8001) -> 0.81813616 | E2: =STDEV(EMSASweep!C2:C8001) -> 3.737917 | F2: =VAR(EMSASweep!C2:C8001) -> 13.972024 | G2: =MIN(EMSASweep!C2:C8001) -> 0.5577054
A3: =EMSASweep!D1 -> 20251022_1233 | B3: =MAX(EMSASweep!D2:D8001) -> 973.33752 | C3: =AVERAGE(EMSASweep!D3:D8001) -> 19.616381 | D3: =MEDIAN(EMSASweep!D2:D8001) -> 10.61372 | E3: =STDEV(EMSASweep!D2:D8001) -> 40.789003 | F3: =VAR(EMSASweep!D2:D8001) -> 1663.7428 | G3: =MIN(EMSASweep!D2:D8001) -> 0.6651656
A4: =EMSASweep!E1 -> 20251022_2002 | B4: =MAX(EMSASweep!E2:E8001) -> 570.46216 | C4: =AVERAGE(EMSASweep!E2:E8001) -> 18.363239 | D4: =MEDIAN(EMSASweep!E2:E8001) -> 12.257885 | E4: =STDEV(EMSASweep!E2:E8001) -> 30.009447 | F4: =VAR(EMSASweep!E2:E8001) -> 900.56693 | G4: =MIN(EMSASweep!E2:E8001) -> 0.73637873
A5: =EMSASweep!F1 -> 20251023_0122 | B5: =MAX(EMSASweep!F2:F8001) -> 1017.9265 | C5: =AVERAGE(EMSASweep!F2:F8001) -> 19.643022 | D5: =MEDIAN(EMSASweep!F2:F8001) -> 10.878418 | E5: =STDEV(EMSASweep!F2:CF8001) -> 86.185824 | F5: =VAR(EMSASweep!F2:F8001) -> 1693.1147 | G5: =MIN(EMSASweep!E2:E8001) -> 0.73637873
A6: =EMSASweep!G1 -> 20251023_0850 | B6: =MAX(EMSASweep!G2:G8001) -> 1083.2734 | C6: =AVERAGE(EMSASweep!G2:G8001) -> 23.890048 | D6: =MEDIAN(EMSASweep!G2:G8001) -> 13.575261 | E6: =STDEV(EMSASweep!G2:G8001) -> 43.597335 | F6: =VAR(EMSASweep!G2:G8001) -> 1900.7276 | G6: =MIN(EMSASweep!F2:F8001) -> 0.64928651
A7: =EMSASweep!H1 -> 20251023_0955 | B7: =MAX(EMSASweep!H2:H8001) -> 863.70801 | C7: =AVERAGE(EMSASweep!H2:H8001) -> 69.002406 | D7: =MEDIAN(EMSASweep!H2:H8001) -> 36.720829 | E7: =STDEV(EMSASweep!H2:H8001) -> 81.772457 | F7: =VAR(EMSASweep!H2:H8001) -> 6686.7348 | G7: =MIN(EMSASweep!H2:H8001) -> 1.7039804
B8: uV | C8: uV | D8: uV | E8: uV | F8: uV | G8: uV

Sheet EMSASweep
A1: Hz | B1: MHz | C1: 20251022_0829 | D1: 20251022_1233 | E1: 20251022_2002 | F1: 20251023_0122 | G1: 20251023_0850 | H1: 20251023_0955 | I1: 20251023_1414 | J1: 20251023_1623 | K1: 20251023_1833 | L1: 20251024_0206 | M1: 20251024_0625 | N1: 20251024_0939 | O1: 20251024_1712 | P1: 20251024_1817 | Q1: 20251024_1922 | R1: 20251025_0046 | S1: 20251025_0505 | T1: 20251026_0450 | U1: 20251027_0852 | V1: 20251027_0957 | W1: Plant Info 21 | X1: Plant Info 22 | Y1: Plant Info 23 | Z1: Plant Info 24 | AA1: Plant Info 25 | AB1: Plant Info 26 | AC1: Plant Info 27 | AD1: Plant Info 28 | AE1: Plant Info 29 | AF1: Plant Info 30 | AG1: Plant Info 31 | AH1: Plant Info 32 | AI1: Plant Info 33 | AJ1: Plant Info 34 | AK1: Plant Info 35 | AL1: Plant Info 36 | AM1: Plant Info 37 | AN1: Plant Info 38 | AO1: Plant Info 39 | AP1: Plant Info 40 | AQ1: Plant Info 41 | AR1: Plant Info 42 | AS1: Plant Info 43 | AT1: Plant Info 44
A2: 30000 | B2: 0.03 | C2: 9.0267067 | D2: 38.10722 | E2: 34.670414 | F2: 38.542496 | G2: 32.942844 | H2: 334.06915 | I2: 300.80887 | J2: 271.2518 | K2: 270.30383 | L2: 319.11115 | M2: 262.71445 | N2: 193.63217 | O2: 188.86652 | P2: 185.17747 | Q2: 167.03166 | R2: 223.0269 | S2: 169.19385 | T2: 278.14099 | U2: 171.09949 | V2: 175.61452
A3: 30540 | B3: 0.03054 | C3: 13.050522 | D3: 44.226238 | E3: 47.896244 | F3: 42.38538 | G3: 39.305843 | H3: 374.55261 | I3: 339.60623 | J3: 303.32419 | K3: 304.13593 | L3: 360.36847 | M3: 294.04465 | N3: 208.66299 | O3: 208.91074 | P3: 197.34129 | Q3: 181.00658 | R3: 239.2644 | S3: 188.3446 | T3: 310.65356 | U3: 188.32742 | V3: 196.79105
A4: 31080 | B4: 0.03108 | C4: 10.621854 | D4: 46.390427 | E4: 49.557499 | F4: 47.285767 | G4: 44.440643 | H4: 372.48529 | I4: 337.05798 | J4: 291.5336 | K4: 295.46344 | L4: 349.91339 | M4: 291.77164 | N4: 206.54785 | O4: 202.76755 | P4: 195.73819 | Q4: 183.19843 | R4: 234.9014 | S4: 185.95711 | T4: 305.16718 | U4: 186.85623 | V4: 190.51509
A5: 31620 | B5: 0.03162 | C5: 20.442337 | D5: 44.517643 | E5: 48.642372 | F5: 47.009636 | G5: 46.098858 | H5: 369.26266 | I5: 329.80515 | J5: 283.05392 | K5: 285.65738 | L5: 349.81699 | M5: 282.39108 | N5: 202.54869 | O5: 200.03564 | P5: 197.48412 | Q5: 182.4922 | R5: 228.128 | S5: 190.01891 | T5: 293.11874 | U5: 199.53662 | V5: 190.7847
A6: 32160 | B6: 0.03216 | C6: 18.678169 | D6: 47.868008 | E6: 44.530563 | F6: 42.473988 | G6: 48.276405 | H6: 365.96719 | I6: 324.51706 | J6: 276.74985 | K6: 276.78098 | L6: 345.98795 | M6: 277.7489 | N6: 200.00945 | O6: 200.32831 | P6: 206.92451 | Q6: 186.43983 | R6: 221.6339 | S6: 190.47835 | T6: 281.71887 | U6: 194.85089 | V6: 192.97963
A7: 32700 | B7: 0.0327 | C7: 26.400602 | D7: 45.369614 | E7: 54.627563 | F7: 47.565331 | G7: 50.52644 | H7: 361.14645 | I7: 318.2493 | J7: 265.56799 | K7: 268.45212 | L7: 338.35394 | M7: 267.69827 | N7: 198.25848 | O7: 198.4767 | P7: 207.3844 | Q7: 190.60231 | R7: 214.1995 | S7: 192.54385 | T7: 277.74054 | U7: 191.8127 | V7: 196.7726
A8: 33240 | B8: 0.03324 | C8: 24.257742 | D8: 50.529118 | E8: 50.757153 | F8: 51.147469 | G8: 44.574875 | H8: 356.89764 | I8: 309.84695 | J8: 257.8262 | K8: 263.31555 | L8: 335.19159 | M8: 255.52585 | N8: 197.28578 | O8: 202.78569 | P8: 213.04836 | Q8: 196.10202 | R8: 212.3361 | S8: 196.88664 | T8: 275.40399 | U8: 200.60129 | V8: 200.02354
A9: 33780 | B9: 0.03378 | C9: 23.954828 | D9: 51.931324 | E9: 47.416458 | F9: 51.327419 | G9: 49.952717 | H9: 353.37549 | I9: 302.858 | J9: 250.37091 | K9: 255.23927 | L9: 325.46213 | M9: 250.90034 | N9: 192.73782 | O9: 194.51436 | P9: 220.3741 | Q9: 201.87968 | R9: 209.1957 | S9: 206.99593 | T9: 264.61688 | U9: 210.59087 | V9: 207.36826
A10: 34320 | B10: 0.03432 | C10: 18.940214 | D10: 49.997929 | E10: 48.819225 | F10: 49.164711 | G10: 52.316193 | H10: 345.99295 | I10: 297.56128 | J10: 245.38457 | K10: 247.25226 | L10: 328.15244 | M10: 242.76305 | N10: 193.10201 | O10: 199.12715 | P10: 232.66086 | Q10: 210.51199 | R10: 210.4749 | S10: 210.69539 | T10: 260.97876 | U10: 222.612 | V10: 218.88217
A11: 34860 | B11: 0.03486 | C11: 22.59849 | D11: 57.453201 | E11: 54.897064 | F11: 49.992485 | G11: 49.573235 | H11: 340.15671 | I11: 289.69467 | J11: 243.05603 | K11: 242.32524 | L11: 319.09927 | M11: 241.22012 | N11: 190.42844 | O11: 202.68704 | P11: 255.18324 | Q11: 214.85905 | R11: 206.6839 | S11: 230.55156 | T11: 256.0636 | U11: 230.8053 | V11: 225.27313
A12: 35400 | B12: 0.0354 | C12: 14.939137 | D12: 57.769642 | E12: 51.22974 | F12: 52.228531 | G12: 51.785355 | H12: 333.32208 | I12: 286.15942 | J12: 237.33629 | K12: 236.06314 | L12: 305.67075 | M12: 234.84035 | N12: 192.76175 | O12: 223.43741 | P12: 263.71848 | Q12: 228.27563 | R12: 204.8216 | S12: 237.96086 | T12: 247.28708 | U12: 232.12862 | V12: 235.16743
A13: 35940 | B13: 0.03594 | C13: 20.575762 | D13: 56.702454 | E13: 52.042488 | F13: 52.990097 | G13: 49.889275 | H13: 325.97968 | I13: 276.8013 | J13: 232.89938 | K13: 233.11417 | L13: 299.23376 | M13: 235.07973 | N13: 196.79024 | O13: 209.04982 | P13: 262.47397 | Q13: 237.23613 | R13: 203.2013 | S13: 252.7796 | T13: 238.82291 | U13: 245.55231 | V13: 250.02193
... A2001: 99860000 | B2001: 99.86 | C2001: 2.6488111 | D2001: 2.7513027 | E2001: 2.7095153 | F2001: 2.7074432 | G2001: 2.7350781 | H2001: 4.0422311 | I2001: 3.4790006 | J2001: 5.2874184 | K2001: 6.6258802 | L2001: 4.5539074 | M2001: 4.8809237 | N2001: 7.3785849 | O2001: 13.726628 | P2001: 19.544186 | Q2001: 13.892984 | R2001: 5.399071 | S2001: 18.700331 | T2001: 4.6514025 | U2001: 13.144856 | V2001: 12.416246
